time(ms),accX(G),accY(G),accZ(G)
1.071,0.91602,-0.05762,0.06519
1.994,0.87866,-0.10986,0.09131
2.913,0.90234,-0.12915,0.09766
3.832,0.95142,-0.07861,0.08252
4.751,1.07544,-0.02344,0.11963
5.67,1.14746,-0.03516,0.22925
6.589,1.08691,-0.05444,0.35986
7.508,1.08691,-0.05444,0.35986
8.427,1.03931,-0.03027,0.46655
9.353,1.06592,0.00195,0.49902
10.272,1.18823,0.05811,0.48096
11.191,1.29761,0.17773,0.44873
12.11,1.22632,0.33545,0.4646
13.029,1.04248,0.34424,0.42407
13.948,1.05786,0.43042,0.27344
14.867,1.09912,0.58325,0.12109
15.786,0.97729,0.5542,0.05713
16.708,0.88843,0.4707,0.06543
17.626,0.86182,0.37866,-0.01001
18.545,0.71924,0.35864,-0.09888
19.466,0.71924,0.35864,-0.09888
20.385,0.61084,0.30835,-0.19116
21.304,0.65894,0.31274,-0.17651
22.223,0.77539,0.36157,-0.09009
23.142,0.94043,0.26929,-0.01172
24.061,0.93506,0.09473,0.03101
24.979,0.8125,-0.08838,-0.01807
25.898,0.75854,-0.18311,-0.09448
26.818,0.823,-0.08716,-0.08936
27.737,1.98431,0.10034,-0.28296
28.655,1.98431,0.10498,-0.37915
29.568,1.021,0.02197,0.00757
30.494,0.31689,0.02222,0.25049
31.412,0.31689,0.02222,0.25049
32.331,0.4165,-0.03711,0.2417
33.254,1.07422,-0.05908,0.0459
34.173,1.92578,-0.0752,-0.34766
35.091,1.86401,-0.16333,-0.19897
36.01,1.95508,-0.16748,0.14966
36.929,1.85059,-0.28711,0.1792
37.848,0.99292,-0.35645,0.29663
38.767,0.85669,-0.24048,0.26855
39.691,1.01318,-0.23535,0.18677
40.609,0.85059,-0.25806,0.27148
41.528,0.63623,-0.18823,0.31714
42.454,0.78491,-0.18579,0.41162
43.373,0.72192,-0.27197,0.34595
44.291,0.72192,-0.27197,0.34595
45.21,0.00293,-0.22632,0.33301
46.129,0.41309,-0.14819,0.37256
47.051,0.98145,-0.28662,0.09302
47.97,0.78271,-0.5249,-0.16431
48.889,0.54663,-0.68237,-0.23145
49.808,0.4126,-0.78564,-0.01904
50.73,1.14062,-0.78296,0.27759
51.649,1.29199,-0.70044,0.42163
52.568,1.05249,-0.60083,0.40356
53.494,0.99487,-0.52026,0.39917
54.413,1.05518,-0.46802,0.40967
55.331,1.40845,-0.35327,0.35278
56.254,1.40845,-0.35327,0.35278
57.173,1.05396,-0.28296,0.22217
58.091,0.98047,-0.23022,0.21558
59.01,1.25635,-0.1853,0.34497
59.929,0.62109,-0.2146,0.45605
60.848,0.86646,-0.16016,0.54492
61.767,1.0061,-0.14673,0.55518
62.691,0.84619,-0.16772,0.61328
63.609,0.75439,-0.14429,0.66187
64.528,0.84888,-0.0791,0.604
65.454,0.9646,-0.08105,0.64038
66.373,0.99731,-0.08252,0.66431
67.291,0.85303,-0.06616,0.64893
68.21,0.85303,-0.06616,0.64893
69.129,0.80884,-0.09741,0.66553
70.051,1.16187,-0.125,0.63257
70.97,0.79517,-0.18286,0.63477
71.889,0.68188,-0.1687,0.66357
72.808,0.7229,-0.16846,0.65308
73.73,1.35083,-0.1521,0.64526
74.649,1.40015,-0.17749,0.64795
75.568,0.60034,-0.2251,0.63232
76.494,0.88843,-0.18994,0.60864
77.413,1.22046,-0.17065,0.61694
78.331,0.86304,-0.1853,0.61987
79.254,0.771,-0.18188,0.59399
80.173,0.77954,-0.18286,0.56885
81.091,0.77954,-0.18286,0.56885
82.01,0.72437,-0.18091,0.53125
82.929,0.82324,-0.16235,0.49536
83.848,0.91992,-0.16431,0.47168
84.767,1.13818,-0.15674,0.45923
85.691,1.31445,-0.13574,0.44482
86.609,1.20557,-0.13477,0.42236
87.528,1.10791,-0.14185,0.40723
88.454,1.15649,-0.14722,0.39551
89.373,1.20239,-0.14038,0.38159
90.291,1.24829,-0.12646,0.36426
91.21,1.26904,-0.13086,0.34595
92.129,1.27759,-0.14478,0.34595
93.051,1.27759,-0.14478,0.34595
93.97,1.28125,-0.15405,0.35474
94.889,1.29565,-0.15625,0.354
95.808,1.30884,-0.16309,0.35645
96.73,1.30322,-0.16943,0.35596
97.649,1.29199,-0.17358,0.35156
98.568,1.27563,-0.17554,0.35474
99.494,1.25488,-0.17944,0.35742
100.413,1.22607,-0.18872,0.36475
101.331,1.20483,-0.18726,0.35034
102.254,1.1875,-0.19067,0.33521
103.173,1.15771,-0.1958,0.34888
104.091,1.13037,-0.18384,0.35986
105.01,1.13037,-0.18384,0.35986
105.929,1.1167,-0.16992,0.36157
106.848,1.09644,-0.15259,0.36157
107.767,1.06982,-0.13379,0.36523
108.691,1.04907,-0.11646,0.36206
109.609,1.03857,-0.08569,0.34937
110.528,1.02222,-0.06104,0.35547
111.454,1.00684,-0.04907,0.36987
112.373,1.01392,-0.02856,0.37207
113.291,1.01733,-0.01343,0.38892
114.21,1.02539,-0.00952,0.4165
115.129,1.05029,-0.00513,0.44043
116.051,1.07446,-0.00439,0.46021
116.97,1.09717,-0.00854,0.48047
117.889,1.09717,-0.00854,0.48047
118.808,1.12573,-0.00049,0.51172
119.73,1.15601,0.00562,0.55151
120.649,1.19189,0.00952,0.58716
121.568,1.23804,0.02026,0.61035
122.494,1.28296,0.01855,0.64966
123.413,1.32544,0.01978,0.71167
124.331,1.37402,0.02466,0.75293
125.254,1.41235,0.02246,0.78467
126.173,1.43677,0.01685,0.82544
127.091,1.45361,0.01611,0.85742
128.01,1.47559,0.00952,0.88428
128.929,1.49097,-0.00146,0.92114
129.848,1.49097,-0.00146,0.92114
130.767,1.49097,-0.00342,0.95776
131.691,1.49268,-0.0127,0.98071
132.609,1.4873,-0.02246,0.99463
133.528,1.46997,-0.03442,1.01489
134.454,1.45898,-0.0459,1.03882
135.373,1.45044,-0.05103,1.052
136.291,1.42529,-0.06323,1.05322
137.21,1.4021,-0.08057,1.05151
138.129,1.39429,-0.08691,1.04785
139.051,1.38062,-0.09546,1.04541
139.97,1.36206,-0.11523,1.05713
140.889,1.35059,-0.12305,1.05103
141.808,1.35059,-0.12305,1.05103
142.73,1.33081,-0.12769,1.04321
143.649,1.30884,-0.14258,1.04688
144.568,1.29761,-0.15771,1.04297
145.494,1.2915,-0.17017,1.04126
146.413,1.27563,-0.17773,1.04028
147.331,1.26099,-0.1897,1.03906
148.254,1.25464,-0.2002,1.03223
149.173,1.24707,-0.20703,1.02637
150.091,1.23706,-0.21484,1.01855
151.01,1.22314,-0.21753,1.01367
151.929,1.21558,-0.22241,1.00391
152.848,1.20654,-0.22681,0.99365
153.767,1.19507,-0.23633,0.98413
154.691,1.19507,-0.23633,0.98413
155.609,1.18042,-0.24243,0.96606
156.528,1.16528,-0.25244,0.96069
157.454,1.15234,-0.26514,0.9519
158.373,1.14014,-0.26929,0.94019
159.291,1.12427,-0.27783,0.92578
160.21,1.10864,-0.28247,0.89355
161.129,1.0896,-0.28662,0.87134
162.051,1.0625,-0.29883,0.86206
162.97,1.03564,-0.30688,0.85571
163.889,1.0144,-0.31372,0.84888
164.808,0.99878,-0.32568,0.82666
165.73,0.97583,-0.33374,0.81885
166.649,0.97583,-0.33374,0.81885
167.568,0.93896,-0.34302,0.81689
168.494,0.90698,-0.35034,0.80225
169.413,0.88281,-0.35767,0.79419
170.331,0.85498,-0.35571,0.77686
171.254,0.82617,-0.34521,0.76636
172.173,0.79639,-0.34082,0.76392
173.091,0.7605,-0.34937,0.76196
174.01,0.73193,-0.35254,0.7666
174.929,0.70972,-0.35156,0.76758
175.848,0.68555,-0.35205,0.77002
176.767,0.66895,-0.35352,0.77222
177.691,0.6582,-0.35889,0.77271
178.609,0.6582,-0.35889,0.77271
179.528,0.646,-0.3562,0.77637
180.454,0.62744,-0.35864,0.78613
181.373,0.62085,-0.35791,0.79614
182.291,0.61523,-0.35571,0.80054
183.21,0.59863,-0.35889,0.80933
184.129,0.5957,-0.35889,0.81665
185.051,0.59473,-0.35791,0.83154
185.97,0.58228,-0.35229,0.85742
186.889,0.58203,-0.34937,0.87354
187.808,0.58643,-0.35254,0.88721
188.73,0.58179,-0.35156,0.89844
189.649,0.57715,-0.3457,0.89917
190.568,0.58643,-0.34204,0.89941
191.494,0.58643,-0.34204,0.89941
192.413,0.59424,-0.34082,0.90088
193.331,0.58862,-0.34033,0.91016
194.254,0.5752,-0.34961,0.92456
195.173,0.57617,-0.35742,0.92871
196.091,0.57568,-0.35889,0.9292
197.01,0.56079,-0.37402,0.93799
197.929,0.5498,-0.38867,0.94897
198.848,0.53198,-0.39136,0.95874
199.767,0.52222,-0.39771,0.96484
200.691,0.53149,-0.40234,0.948
201.609,0.54077,-0.39551,0.92578
202.528,0.54541,-0.39087,0.92041
203.454,0.54541,-0.39087,0.92041
204.373,0.54346,-0.38843,0.9314
205.291,0.53564,-0.38208,0.94263
206.21,0.52759,-0.38013,0.93799
207.129,0.51978,-0.37451,0.93359
208.051,0.51807,-0.36401,0.93384
208.97,0.51782,-0.36084,0.91919
209.889,0.5166,-0.35913,0.90259
210.808,0.51294,-0.35352,0.89331
211.73,0.51636,-0.35962,0.87769
212.649,0.51855,-0.36084,0.86304
213.568,0.51172,-0.35181,0.84521
214.494,0.50464,-0.34863,0.83398
215.413,0.50464,-0.34863,0.83398
216.331,0.50635,-0.3479,0.82324
217.254,0.51587,-0.33667,0.80273
218.173,0.51392,-0.32324,0.79321
219.091,0.50488,-0.32471,0.78296
220.01,0.49902,-0.32983,0.77393
220.929,0.50073,-0.3291,0.76221
221.848,0.51196,-0.3208,0.74097
222.767,0.52222,-0.30908,0.72729
223.691,0.52637,-0.29663,0.71631
224.609,0.53271,-0.28857,0.70776
225.528,0.53857,-0.28564,0.70459
226.454,0.53955,-0.2915,0.70166
227.373,0.54199,-0.29614,0.69702
228.291,0.54199,-0.29614,0.69702
229.21,0.55786,-0.28369,0.67944
230.129,0.57935,-0.27002,0.66455
231.051,0.58447,-0.26758,0.65063
231.97,0.59204,-0.26001,0.64111
232.889,0.60693,-0.24658,0.63232
233.808,0.6123,-0.23804,0.61401
234.73,0.62769,-0.22144,0.59912
235.649,0.64062,-0.21387,0.60107
236.568,0.64062,-0.22192,0.60522
237.494,0.65747,-0.21411,0.58789
238.413,0.6853,-0.18872,0.57275
239.331,0.70288,-0.16846,0.56494
240.254,0.70288,-0.16846,0.56494
241.173,0.72339,-0.15503,0.55347
242.091,0.74585,-0.14185,0.5498
243.01,0.76074,-0.13452,0.55225
243.929,0.77319,-0.13086,0.55005
244.848,0.79102,-0.12036,0.55518
245.767,0.7998,-0.11816,0.56104
246.691,0.80933,-0.1189,0.56055
247.609,0.82568,-0.11865,0.55713
248.528,0.82837,-0.11255,0.55981
249.454,0.83936,-0.10669,0.56934
250.373,0.85693,-0.10791,0.57104
251.291,0.86328,-0.10742,0.56372
252.21,0.86328,-0.10742,0.56372
253.129,0.86523,-0.1062,0.56177
254.051,0.87817,-0.10303,0.56641
254.97,0.8877,-0.1084,0.56738
255.889,0.90332,-0.11279,0.57251
256.808,0.91699,-0.11816,0.58398
257.73,0.91577,-0.1145,0.58374
258.649,0.91431,-0.10938,0.57471
259.568,0.91211,-0.11841,0.57837
260.494,0.90698,-0.12061,0.58447
261.413,0.90674,-0.12134,0.5835
262.331,0.92065,-0.12354,0.58716
263.254,0.92896,-0.12207,0.5835
264.173,0.92383,-0.1272,0.57251
265.091,0.92383,-0.1272,0.57251
266.01,0.92627,-0.12939,0.57422
266.929,0.93335,-0.12451,0.56348
267.848,0.94531,-0.11841,0.55469
268.767,0.9668,-0.11743,0.54419
269.691,0.979,-0.11157,0.52881
270.609,0.99194,-0.10205,0.51636
271.528,1.00708,-0.10327,0.49292
272.454,1.02686,-0.10059,0.46875
273.373,1.04858,-0.09497,0.44751
274.291,1.07422,-0.08911,0.4292
275.21,1.11133,-0.08643,0.39331
276.129,1.14502,-0.07764,0.35522
277.051,1.14502,-0.07764,0.35522
277.97,1.17578,-0.07153,0.31274
278.889,1.2019,-0.0791,0.26807
279.808,1.2356,-0.07568,0.23242
280.73,1.27441,-0.06641,0.17847
281.649,1.30542,-0.07373,0.13159
282.568,1.34277,-0.07764,0.09033
283.494,1.38477,-0.07739,0.03345
284.413,1.42163,-0.0769,-0.02319
285.331,1.46021,-0.07178,-0.07861
286.254,1.49707,-0.073,-0.14014
287.173,1.53149,-0.06543,-0.20972
288.091,1.56421,-0.06641,-0.27197
289.01,1.56421,-0.06641,-0.27197
289.929,1.5918,-0.07275,-0.3335
290.848,1.62988,-0.07471,-0.39526
291.767,1.65942,-0.08252,-0.45605
292.691,1.6936,-0.09814,-0.52686
293.609,1.73804,-0.10913,-0.59473
294.528,1.77759,-0.11499,-0.6582
295.454,1.82422,-0.12061,-0.73389
296.373,1.85693,-0.12451,-0.7981
297.291,1.8728,-0.12305,-0.85425
298.21,1.89404,-0.12036,-0.91528
299.129,1.91113,-0.12695,-0.97021
300.051,1.93042,-0.13062,-1.0249
300.97,1.95142,-0.12817,-1.07471
301.889,1.95142,-0.12817,-1.07471
302.808,1.96484,-0.13574,-1.11548
303.73,1.98022,-0.14697,-1.15942
304.649,1.97803,-0.14697,-1.19678
305.568,1.98364,-0.14258,-1.23755
306.494,1.98193,-0.1416,-1.27563
307.413,1.98431,-0.14429,-1.29077
308.331,1.98431,-0.13843,-1.30615
309.254,1.98431,-0.125,-1.32251
310.173,1.98431,-0.11475,-1.32471
311.091,1.96924,-0.10425,-1.29761
312.01,1.979,-0.09595,-1.25806
312.929,1.96924,-0.09473,-1.2207
313.848,1.96924,-0.09473,-1.2207
314.767,1.96582,-0.08496,-1.18213
315.691,1.95239,-0.08228,-1.13672
316.609,1.94141,-0.07739,-1.07642
317.528,1.94824,-0.06885,-1.01733
318.454,1.93433,-0.06445,-0.95557
319.373,1.927,-0.05444,-0.89722
320.291,1.92651,-0.03784,-0.84912
321.21,1.91333,-0.01929,-0.78857
322.129,1.91553,-0.01123,-0.7312
323.051,1.92017,-0.00488,-0.67944
323.97,1.9187,0.00854,-0.62988
324.889,1.9104,0.01367,-0.57959
325.808,1.9104,0.01367,-0.57959
326.73,1.89624,0.01367,-0.53369
327.649,1.88379,0.02026,-0.49512
328.568,1.86914,0.02344,-0.43652
329.494,1.86011,0.03491,-0.38184
330.413,1.85889,0.04492,-0.34473
331.331,1.84717,0.03516,-0.30981
332.254,1.83203,0.03369,-0.26123
333.173,1.82056,0.04785,-0.21045
334.091,1.79858,0.05371,-0.17456
335.01,1.77686,0.07129,-0.13574
335.929,1.74707,0.08496,-0.0896
336.848,1.72729,0.08789,-0.05005
337.767,1.7041,0.0979,-0.01025
338.691,1.7041,0.0979,-0.01025
339.609,1.6709,0.09912,0.03857
340.528,1.65088,0.10107,0.07764
341.454,1.62305,0.10352,0.11401
342.373,1.58936,0.10303,0.1543
343.291,1.55811,0.10742,0.18555
344.21,1.52881,0.11328,0.21094
345.129,1.49878,0.12305,0.23755
346.051,1.45947,0.12964,0.26685
346.97,1.41089,0.13062,0.29834
347.889,1.36865,0.1228,0.32495
348.808,1.33081,0.1145,0.33911
349.73,1.28784,0.11279,0.3606
350.649,1.28784,0.11279,0.3606
351.568,1.24829,0.10718,0.38525
352.494,1.20142,0.09619,0.38965
353.413,1.15356,0.08911,0.40283
354.331,1.11328,0.08179,0.42603
355.254,1.06885,0.07983,0.44116
356.173,1.00659,0.07446,0.46143
357.091,0.94897,0.05371,0.47754
358.01,0.89868,0.04663,0.4856
358.929,0.84229,0.04688,0.50171
359.848,0.78467,0.03955,0.52637
360.767,0.72827,0.02783,0.54614
361.691,0.66602,0.0166,0.56812
362.609,0.66602,0.0166,0.56812
363.528,0.59155,0.00977,0.58911
364.454,0.52759,-0.00293,0.60913
365.373,0.46729,-0.02026,0.63257
366.291,0.4021,-0.03467,0.65723
367.21,0.34155,-0.03857,0.67773
368.129,0.27979,-0.04736,0.70435
369.051,0.20947,-0.06836,0.72998
369.97,0.13428,-0.07739,0.7439
370.889,0.05615,-0.09253,0.76831
371.808,-0.02954,-0.11743,0.7915
372.73,-0.12671,-0.12354,0.82129
373.649,-0.2229,-0.12158,0.85791
374.568,-0.32959,-0.12427,0.89722
375.494,-0.32959,-0.12427,0.89722
376.413,-0.43579,-0.13403,0.93774
377.331,-0.55078,-0.14307,0.99316
378.254,-0.68164,-0.13306,1.06055
379.173,-0.82056,-0.11548,1.13037
380.091,-0.96875,-0.0957,1.20532
381.01,-1.11621,-0.0647,1.27954
381.929,-1.26123,-0.02563,1.37061
382.848,-1.40894,0.01221,1.46802
383.767,-1.55884,0.05835,1.57227
384.691,-1.70605,0.10376,1.68921
385.609,-1.84961,0.1377,1.81128
386.528,-1.99121,0.17505,1.93604
387.454,-1.99121,0.17505,1.93604
388.373,-2.0,0.20776,1.98431
389.291,-2.0,0.23828,1.98431
390.21,-2.0,0.27563,1.98431
391.129,-2.0,0.31104,1.98431
392.051,-2.0,0.3418,1.98431
392.97,-2.0,0.38086,1.98431
393.889,-2.0,0.41699,1.98431
394.808,-2.0,0.4397,1.98431
395.73,-2.0,0.4624,1.98431
396.649,-2.0,0.48486,1.98431
397.568,-2.0,0.49951,1.98431
398.494,-2.0,0.51123,1.98431
399.413,-2.0,0.51123,1.98431
400.331,-2.0,0.51392,1.98431
401.254,-2.0,0.50977,1.98431
402.173,-2.0,0.51001,1.98431
403.091,-2.0,0.50049,1.98431
404.01,-2.0,0.48096,1.98431
404.929,-2.0,0.46021,1.98431
405.848,-2.0,0.43213,1.98431
406.767,-2.0,0.40112,1.98431
407.691,-2.0,0.36768,1.98431
408.609,-2.0,0.32373,1.98431
409.528,-2.0,0.29102,1.98431
410.454,-2.0,0.25562,1.98431
411.373,-2.0,0.20068,1.98431
412.291,-2.0,0.20068,1.98431
413.21,-2.0,0.14307,1.98431
414.129,-2.0,0.09204,1.98431
415.051,-2.0,0.04053,1.98431
415.97,-1.93823,-0.01514,1.98431
416.889,-1.78662,-0.0542,1.98431
417.808,-1.63892,-0.08789,1.98431
418.73,-1.48193,-0.12964,1.98431
419.649,-1.3125,-0.17188,1.98431
420.568,-1.14062,-0.21484,1.98431
421.494,-0.97974,-0.26123,1.96289
422.413,-0.8252,-0.30396,1.91602
423.331,-0.66895,-0.33765,1.87036
424.254,-0.66895,-0.33765,1.87036
425.173,-0.50781,-0.37061,1.82788
426.091,-0.35352,-0.40723,1.78516
427.01,-0.20728,-0.4397,1.7312
427.929,-0.05518,-0.4729,1.67798
428.848,0.0813,-0.51343,1.6333
429.767,0.198,-0.54053,1.59106
430.691,0.2998,-0.57422,1.54102
431.609,0.39648,-0.61328,1.4917
432.528,0.48193,-0.64771,1.4436
433.454,0.54126,-0.69727,1.40649
434.373,0.60156,-0.73999,1.37769
435.291,0.69629,-0.74365,1.33838
436.21,0.69629,-0.74365,1.33838
437.129,0.81958,-0.72607,1.2771
438.051,0.9082,-0.71631,1.21826
438.97,0.9812,-0.70093,1.18359
439.889,1.06079,-0.67822,1.14697
440.808,1.13892,-0.6438,1.10352
441.73,1.20703,-0.62402,1.0647
442.649,1.26392,-0.61743,1.03906
443.568,1.33154,-0.59741,1.01123
444.494,1.41162,-0.5791,0.9751
445.413,1.4895,-0.57178,0.94946
446.331,1.56055,-0.56763,0.91821
447.254,1.63013,-0.55859,0.88062
448.173,1.70239,-0.54761,0.84521
449.091,1.70239,-0.54761,0.84521
450.01,1.7854,-0.53247,0.80566
450.929,1.86646,-0.52075,0.7561
451.848,1.92139,-0.52124,0.69922
452.767,1.97559,-0.51855,0.6582
453.691,1.98431,-0.51099,0.61182
454.609,1.98431,-0.50513,0.56641
455.528,1.98431,-0.49121,0.53223
456.454,1.98431,-0.48022,0.48389
457.373,1.98431,-0.48828,0.44556
458.291,1.98431,-0.50415,0.42554
459.21,1.98431,-0.50903,0.39526
460.129,1.98431,-0.51709,0.34717
461.051,1.98431,-0.51709,0.34717
461.97,1.98431,-0.54126,0.29932
462.889,1.98431,-0.56055,0.25146
463.808,1.98431,-0.5603,0.19067
464.73,1.98431,-0.57104,0.14526
465.649,1.98431,-0.60449,0.12207
466.568,1.98431,-0.64014,0.08447
467.494,1.98431,-0.677,0.0271
468.413,1.98431,-0.71533,-0.05322
469.331,1.98431,-0.74805,-0.15039
470.254,1.98431,-0.78027,-0.25757
471.173,1.98431,-0.80811,-0.38477
472.091,1.98431,-0.81909,-0.54395
473.01,1.98431,-0.82373,-0.70898
473.929,1.98431,-0.82373,-0.70898
474.848,1.98431,-0.83252,-0.86768
475.767,1.98431,-0.8479,-1.04028
476.691,1.98431,-0.85938,-1.22681
477.609,1.98431,-0.86646,-1.41553
478.528,1.98431,-0.87207,-1.6001
479.454,1.98431,-0.87476,-1.78027
480.373,1.98431,-0.85962,-1.94214
481.291,1.98431,-0.84912,-2.0
482.21,1.98431,-0.84131,-2.0
483.129,1.98431,-0.82202,-2.0
484.051,1.98431,-0.82422,-2.0
484.97,1.98431,-0.82617,-2.0
485.889,1.98431,-0.82617,-2.0
486.808,1.98431,-0.82495,-2.0
487.73,1.98431,-0.82373,-2.0
488.649,1.98431,-0.81519,-2.0
489.568,1.98431,-0.8064,-2.0
490.494,1.98431,-0.80273,-2.0
491.413,1.98431,-0.78101,-2.0
492.331,1.98431,-0.74731,-2.0
493.254,1.98431,-0.72388,-2.0
494.173,1.98431,-0.70776,-2.0
495.091,1.98431,-0.69312,-2.0
496.01,1.98431,-0.67407,-1.91382
496.929,1.98431,-0.65234,-1.7915
497.848,1.98431,-0.65234,-1.7915
498.767,1.98431,-0.63062,-1.66821
499.691,1.98431,-0.60815,-1.54248
500.609,1.98431,-0.58765,-1.41406
501.528,1.98431,-0.57446,-1.27588
502.454,1.98431,-0.56152,-1.12817
503.373,1.98431,-0.54517,-0.99341
504.291,1.98431,-0.52417,-0.8606
505.21,1.98431,-0.50342,-0.72339
506.129,1.98431,-0.48242,-0.59106
507.051,1.98431,-0.46826,-0.46777
507.97,1.98431,-0.44702,-0.34912
508.889,1.98431,-0.42725,-0.24097
509.808,1.98431,-0.41992,-0.14673
510.73,1.98431,-0.41992,-0.14673
511.649,1.98431,-0.39771,-0.05005
512.568,1.98431,-0.38354,0.04468
513.494,1.98431,-0.37476,0.12256
514.413,1.98431,-0.35864,0.19629
515.331,1.98431,-0.34937,0.2627
516.254,1.98431,-0.33984,0.32373
517.173,1.98431,-0.34131,0.39111
518.091,1.98431,-0.34448,0.44116
519.01,1.98431,-0.34839,0.48486
519.929,1.98431,-0.35352,0.52246
520.848,1.98431,-0.35547,0.55322
521.767,1.98431,-0.36426,0.58472
522.691,1.98431,-0.36426,0.58472
523.609,1.98431,-0.36157,0.604
524.528,1.98431,-0.35791,0.62256
525.454,1.98431,-0.3667,0.63452
526.373,1.98431,-0.37744,0.64648
527.291,1.98431,-0.38086,0.65063
528.21,1.98431,-0.38135,0.64453
529.129,1.98431,-0.38989,0.6394
530.051,1.98431,-0.39648,0.63281
530.97,1.98431,-0.4082,0.6333
531.889,1.98431,-0.42773,0.63306
532.808,1.98291,-0.44287,0.62744
533.73,1.90039,-0.45508,0.61914
534.649,1.90039,-0.45508,0.61914
535.568,1.82446,-0.46509,0.59692
536.494,1.74316,-0.47681,0.58472
537.413,1.65576,-0.49097,0.58032
538.331,1.57275,-0.51172,0.5603
539.254,1.48755,-0.53076,0.55225
540.173,1.40698,-0.54395,0.54053
541.091,1.33179,-0.55957,0.50781
542.01,1.25244,-0.57227,0.47485
542.929,1.17651,-0.58398,0.4502
543.848,1.10132,-0.59692,0.42969
544.767,1.02539,-0.60889,0.4043
545.691,0.94922,-0.62988,0.38574
546.609,0.87451,-0.64868,0.37476
547.528,0.87451,-0.64868,0.37476
548.454,0.80005,-0.66113,0.36206
549.373,0.73071,-0.67676,0.35864
550.291,0.66504,-0.69702,0.35742
551.21,0.58545,-0.75269,0.34644
552.129,0.50244,-0.80347,0.32056
553.051,0.44312,-0.80322,0.29297
553.97,0.41821,-0.78101,0.29517
554.889,0.37427,-0.76685,0.32373
555.808,0.30054,-0.76392,0.3623
556.73,0.22388,-0.75806,0.41772
557.649,0.13623,-0.74609,0.48804
558.568,0.03247,-0.72949,0.54175
559.494,0.03247,-0.72949,0.54175
560.413,-0.07642,-0.72314,0.60059
561.331,-0.18555,-0.72656,0.67676
562.254,-0.30566,-0.72949,0.7478
563.173,-0.4165,-0.72974,0.82373
564.091,-0.52637,-0.72144,0.90234
565.01,-0.65283,-0.71631,0.97876
565.929,-0.77856,-0.72314,1.06128
566.848,-0.90552,-0.71411,1.1543
567.767,-1.0166,-0.68164,1.2417
568.691,-1.12476,-0.65552,1.32349
569.609,-1.24536,-0.62769,1.40454
570.528,-1.37183,-0.59082,1.4895
571.454,-1.37183,-0.59082,1.4895
572.373,-1.49097,-0.54834,1.58105
573.291,-1.60376,-0.50073,1.66992
574.21,-1.72388,-0.45752,1.76196
575.129,-1.83594,-0.40796,1.86011
576.051,-1.9541,-0.35327,1.95581
576.97,-2.0,-0.28906,1.98431
577.889,-2.0,-0.21753,1.98431
578.808,-2.0,-0.15479,1.98431
579.73,-2.0,-0.09302,1.98431
580.649,-2.0,-0.02295,1.98431
581.568,-2.0,0.05103,1.98431
582.494,-2.0,0.12183,1.98431
583.413,-2.0,0.19165,1.98431
584.331,-2.0,0.19165,1.98431
585.254,-2.0,0.25952,1.98431
586.173,-2.0,0.31592,1.98431
587.091,-2.0,0.36694,1.98431
588.01,-2.0,0.40576,1.98431
588.929,-2.0,0.45093,1.98431
589.848,-2.0,0.49536,1.98431
590.767,-2.0,0.52368,1.98431
591.691,-2.0,0.55078,1.98431
592.609,-2.0,0.57153,1.98431
593.528,-2.0,0.59619,1.98431
594.454,-2.0,0.61816,1.98431
595.373,-2.0,0.6377,1.98431
596.291,-2.0,0.6377,1.98431
597.21,-2.0,0.6582,1.98431
598.129,-2.0,0.6709,1.98431
599.051,-2.0,0.67627,1.98431
599.97,-2.0,0.67114,1.98431
600.889,-2.0,0.67261,1.98431
601.808,-2.0,0.6665,1.98431
602.73,-2.0,0.64307,1.98431
603.649,-2.0,0.62134,1.98431
604.568,-2.0,0.58887,1.98431
605.494,-2.0,0.55859,1.98431
606.413,-2.0,0.53418,1.98431
607.331,-2.0,0.50366,1.98431
608.254,-2.0,0.50366,1.98431
609.173,-1.96948,0.46118,1.96533
610.091,-1.85742,0.42285,1.9126
611.01,-1.75,0.39185,1.86182
611.929,-1.6311,0.3562,1.81689
612.848,-1.51416,0.31128,1.76831
613.767,-1.39282,0.271,1.71216
614.691,-1.271,0.23755,1.66895
615.609,-1.16772,0.19971,1.64062
616.528,-1.073,0.16479,1.6062
617.454,-0.96851,0.12964,1.55884
618.373,-0.87231,0.09448,1.52319
619.291,-0.78345,0.06177,1.48877
620.21,-0.69263,0.03345,1.45288
621.129,-0.69263,0.03345,1.45288
622.051,-0.59863,0.0083,1.41016
622.97,-0.51416,-0.01855,1.36426
623.889,-0.43384,-0.04272,1.32715
624.808,-0.33862,-0.05469,1.28833
625.73,-0.24707,-0.06323,1.24683
626.649,-0.17285,-0.07495,1.21191
627.568,-0.10938,-0.08398,1.18701
628.494,-0.03809,-0.08643,1.15796
629.413,0.04224,-0.08398,1.13013
630.331,0.12549,-0.07959,1.10571
631.254,0.20703,-0.07812,1.08618
632.173,0.28931,-0.08838,1.06519
633.091,0.28931,-0.08838,1.06519
634.01,0.38208,-0.09106,1.04126
634.929,0.46899,-0.08423,1.03052
635.848,0.54443,-0.08813,1.02466
636.767,0.6189,-0.08691,1.01318
637.691,0.7041,-0.08057,1.01025
638.609,0.78931,-0.08765,1.01392
639.528,0.85742,-0.09521,1.01245
640.454,0.92822,-0.08203,1.00952
641.373,1.00708,-0.06909,1.021
642.291,1.08984,-0.08008,1.03638
643.21,1.17383,-0.09692,1.03979
644.129,1.25854,-0.10156,1.04077
645.051,1.25854,-0.10156,1.04077
645.97,1.33374,-0.10132,1.04907
646.889,1.4043,-0.10107,1.07642
647.808,1.48022,-0.11597,1.09717
648.73,1.55493,-0.13501,1.10278
649.649,1.62622,-0.14429,1.11597
650.568,1.69653,-0.15894,1.12305
651.494,1.76855,-0.18066,1.12671
652.413,1.84155,-0.18848,1.12769
653.331,1.91431,-0.19507,1.13062
654.254,1.98193,-0.21606,1.14087
655.173,1.98431,-0.24634,1.15356
656.091,1.98431,-0.27783,1.16821
657.01,1.98431,-0.30054,1.1665
657.929,1.98431,-0.30054,1.1665
658.848,1.98431,-0.32812,1.14624
659.767,1.98431,-0.35791,1.11353
660.691,1.98431,-0.38159,1.06567
661.609,1.98431,-0.40747,1.00732
662.528,1.98431,-0.42358,0.93945
663.454,1.98431,-0.42847,0.84912
664.373,1.98431,-0.43091,0.74634
665.291,1.98431,-0.43555,0.63623
666.21,1.98431,-0.44824,0.5061
667.129,1.98431,-0.45288,0.36182
668.051,1.98431,-0.46094,0.21777
668.97,1.98431,-0.47559,0.06519
669.889,1.98431,-0.47559,0.06519
670.808,1.98431,-0.48218,-0.11523
671.73,1.98431,-0.49707,-0.29272
672.649,1.98431,-0.51733,-0.47876
673.568,1.98431,-0.53174,-0.68091
674.494,1.98431,-0.54224,-0.86743
675.413,1.98431,-0.54834,-1.05005
676.331,1.98431,-0.56104,-1.22607
677.254,1.98431,-0.57153,-1.40039
678.173,1.98431,-0.56616,-1.57202
679.091,1.98431,-0.56274,-1.72461
680.01,1.98431,-0.5791,-1.84985
680.929,1.98431,-0.60742,-1.95166
681.848,1.98431,-0.60742,-1.95166
682.767,1.98431,-0.64209,-2.0
683.691,1.98431,-0.68628,-2.0
684.609,1.98431,-0.72803,-2.0
685.528,1.98431,-0.75586,-2.0
686.454,1.98431,-0.77441,-2.0
687.373,1.98431,-0.77612,-2.0
688.291,1.98431,-0.77344,-2.0
689.21,1.98431,-0.76929,-2.0
690.129,1.98431,-0.75586,-2.0
691.051,1.98431,-0.74829,-2.0
691.97,1.98431,-0.73901,-2.0
692.889,1.98431,-0.7207,-2.0
693.808,1.98431,-0.70728,-1.94165
694.73,1.98431,-0.70728,-1.94165
695.649,1.98431,-0.69971,-1.83374
696.568,1.98431,-0.68945,-1.72144
697.494,1.98431,-0.66821,-1.60327
698.413,1.98431,-0.64282,-1.47974
699.331,1.98431,-0.62427,-1.34839
700.254,1.98431,-0.59937,-1.23071
701.173,1.98431,-0.57178,-1.12183
702.091,1.98431,-0.54834,-1.00049
703.01,1.98431,-0.53003,-0.86572
703.929,1.98431,-0.51001,-0.73364
704.848,1.98431,-0.4939,-0.60767
705.767,1.98431,-0.4873,-0.47681
706.691,1.98431,-0.4873,-0.47681
707.609,1.98431,-0.47876,-0.35107
708.528,1.98431,-0.46094,-0.23926
709.454,1.98431,-0.43799,-0.13989
710.373,1.98431,-0.4165,-0.04419
711.291,1.98431,-0.40015,0.04565
712.21,1.98431,-0.38672,0.13501
713.129,1.98431,-0.38062,0.22144
714.051,1.98431,-0.37109,0.30029
714.97,1.98431,-0.35913,0.36792
715.889,1.98431,-0.3562,0.43164
716.808,1.98431,-0.34741,0.48926
717.73,1.98431,-0.34009,0.53687
718.649,1.98431,-0.34009,0.53687
719.568,1.98431,-0.33667,0.5813
720.494,1.98431,-0.34497,0.62988
721.413,1.98431,-0.35645,0.66748
722.331,1.98431,-0.36108,0.69336
723.254,1.98431,-0.36646,0.72485
724.173,1.98431,-0.36768,0.74463
725.091,1.98431,-0.37231,0.76343
726.01,1.98431,-0.3877,0.78711
726.929,1.98431,-0.39282,0.79468
727.848,1.94116,-0.40039,0.80762
728.767,1.87207,-0.41772,0.82104
729.691,1.78931,-0.43042,0.82886
730.609,1.71191,-0.44312,0.84766
731.528,1.71191,-0.44312,0.84766
732.454,1.63892,-0.46021,0.85522
733.373,1.55249,-0.47754,0.84521
734.291,1.46265,-0.49585,0.84399
735.21,1.37207,-0.51343,0.84155
736.129,1.2793,-0.53857,0.83252
737.051,1.17822,-0.56372,0.83569
737.97,1.07642,-0.5752,0.81958
738.889,0.97998,-0.59033,0.80249
739.808,0.88452,-0.60522,0.79639
740.73,0.78247,-0.61377,0.78784
741.649,0.68066,-0.61572,0.78003
742.568,0.57373,-0.62402,0.76904
743.494,0.57373,-0.62402,0.76904
744.413,0.45435,-0.62744,0.76294
745.331,0.3501,-0.61816,0.74805
746.254,0.23633,-0.61353,0.74243
747.173,0.11743,-0.60376,0.75024
748.091,0.01074,-0.5769,0.76416
749.01,-0.09937,-0.56177,0.78906
749.929,-0.21484,-0.55933,0.82227
750.848,-0.33032,-0.53418,0.84863
751.767,-0.44653,-0.50903,0.88477
752.691,-0.5625,-0.48633,0.93799
753.609,-0.68359,-0.4585,0.98828
754.528,-0.79565,-0.43506,1.04932
755.454,-0.79565,-0.43506,1.04932
756.373,-0.9043,-0.3999,1.11353
757.291,-1.02686,-0.36206,1.1853
758.21,-1.1355,-0.323,1.25952
759.129,-1.23218,-0.27271,1.34717
760.051,-1.33887,-0.22095,1.45312
760.97,-1.4458,-0.17505,1.55347
761.889,-1.54712,-0.12671,1.63989
762.808,-1.6394,-0.06641,1.7356
763.73,-1.72119,-0.00488,1.85327
764.649,-1.8103,0.04712,1.95288
765.568,-1.89893,0.09985,1.98431
766.494,-1.98511,0.14624,1.98431
767.413,-2.0,0.18164,1.98431
768.331,-2.0,0.18164,1.98431
769.254,-2.0,0.22266,1.98431
770.173,-2.0,0.26685,1.98431
771.091,-2.0,0.30493,1.98431
772.01,-2.0,0.33838,1.98431
772.929,-2.0,0.37231,1.98431
773.848,-2.0,0.40161,1.98431
774.767,-2.0,0.41895,1.98431
775.691,-2.0,0.43628,1.98431
776.609,-2.0,0.45801,1.98431
777.528,-2.0,0.48926,1.98431
778.454,-2.0,0.52246,1.98431
779.373,-2.0,0.54126,1.98431
780.291,-2.0,0.54126,1.98431
781.21,-2.0,0.55664,1.98431
782.129,-2.0,0.57617,1.98431
783.051,-2.0,0.58862,1.98431
783.97,-2.0,0.5918,1.98431
784.889,-2.0,0.59839,1.98431
785.808,-2.0,0.59375,1.98431
786.73,-2.0,0.57715,1.98431
787.649,-2.0,0.56152,1.98431
788.568,-2.0,0.54443,1.979
789.494,-2.0,0.52734,1.94385
790.413,-2.0,0.50635,1.896
791.331,-1.9856,0.47363,1.84937
792.254,-1.9856,0.47363,1.84937
793.173,-1.91528,0.44312,1.79443
794.091,-1.84839,0.41504,1.74756
795.01,-1.79053,0.37866,1.70239
795.929,-1.71411,0.34595,1.64355
796.848,-1.63306,0.32056,1.59131
797.767,-1.56323,0.28882,1.5498
798.691,-1.47095,0.25269,1.50464
799.609,-1.38013,0.21387,1.46606
800.528,-1.30225,0.18091,1.43213
801.454,-1.21362,0.14697,1.39722
802.373,-1.1272,0.10645,1.37231
803.291,-1.04712,0.07788,1.35327
804.21,-0.97656,0.04102,1.33105
805.129,-0.97656,0.04102,1.33105
806.051,-0.91187,0.0022,1.28906
806.97,-0.84473,-0.02539,1.25464
807.889,-0.78564,-0.05249,1.23755
808.808,-0.73071,-0.08276,1.2124
809.73,-0.67163,-0.10718,1.18286
810.649,-0.60669,-0.12329,1.15479
811.568,-0.54468,-0.14868,1.13403
812.494,-0.49805,-0.17017,1.12036
813.413,-0.45361,-0.19604,1.11157
814.331,-0.40796,-0.21948,1.09619
815.254,-0.34814,-0.22754,1.06958
816.173,-0.28516,-0.24927,1.0481
817.091,-0.28516,-0.24927,1.0481
818.01,-0.23657,-0.26709,1.04297
818.929,-0.1748,-0.27148,1.02881
819.848,-0.11426,-0.28271,1.01685
820.767,-0.05664,-0.28931,1.02075
821.691,0.0144,-0.28979,1.00903
822.609,0.08911,-0.29102,0.9978
823.528,0.17285,-0.29761,0.99927
824.454,0.25439,-0.30566,0.99512
825.373,0.33154,-0.3125,0.9895
826.291,0.41992,-0.32007,0.98022
827.21,0.51074,-0.32031,0.97339
828.129,0.59912,-0.32324,0.96777
829.051,0.59912,-0.32324,0.96777
829.97,0.69336,-0.33154,0.95459
830.889,0.7959,-0.33252,0.94702
831.808,0.89526,-0.32837,0.94116
832.73,0.98755,-0.32788,0.91919
833.649,1.09204,-0.33667,0.89771
834.568,1.198,-0.34961,0.88745
835.494,1.29932,-0.34937,0.87329
836.413,1.41333,-0.35522,0.84814
837.331,1.52441,-0.37671,0.82422
838.254,1.62964,-0.39722,0.7998
839.173,1.7334,-0.40967,0.76709
840.091,1.84424,-0.41943,0.729
841.01,1.9541,-0.43042,0.68994
841.929,1.9541,-0.43042,0.68994
842.848,1.98431,-0.44189,0.64233
843.767,1.98431,-0.45801,0.58691
844.691,1.98431,-0.46973,0.53979
845.609,1.98431,-0.48169,0.49023
846.528,1.98431,-0.49805,0.43872
847.454,1.98431,-0.51147,0.37817
848.373,1.98431,-0.53809,0.29858
849.291,1.98431,-0.55957,0.21338
850.21,1.98431,-0.5769,0.11963
851.129,1.98431,-0.60254,0.01831
852.051,1.98431,-0.61475,-0.0835
852.97,1.98431,-0.61816,-0.19531
853.889,1.98431,-0.61816,-0.19531
854.808,1.98431,-0.62183,-0.30859
855.73,1.98431,-0.63501,-0.43701
856.649,1.98431,-0.65747,-0.57568
857.568,1.98431,-0.67554,-0.7063
858.494,1.98431,-0.68213,-0.83472
859.413,1.98431,-0.69141,-0.96729
860.331,1.98431,-0.7019,-1.09814
861.254,1.98431,-0.69922,-1.21826
862.173,1.98431,-0.70386,-1.33179
863.091,1.98431,-0.71094,-1.43799
864.01,1.98431,-0.70874,-1.53491
864.929,1.98431,-0.70557,-1.61719
865.848,1.98431,-0.70557,-1.61719
866.767,1.98431,-0.71118,-1.68604
867.691,1.98431,-0.7207,-1.74805
868.609,1.98431,-0.72534,-1.79346
869.528,1.98431,-0.73608,-1.82471
870.454,1.98431,-0.74365,-1.86084
871.373,1.98431,-0.73901,-1.88403
872.291,1.98431,-0.72412,-1.88501
873.21,1.98431,-0.71436,-1.87842
874.129,1.98431,-0.70093,-1.85938
875.051,1.98431,-0.67773,-1.8291
875.97,1.98431,-0.65503,-1.78784
876.889,1.98431,-0.63843,-1.7334
877.808,1.98431,-0.62744,-1.66528
878.73,1.98431,-0.62744,-1.66528
879.649,1.98431,-0.61743,-1.58838
880.568,1.98431,-0.60474,-1.49976
881.494,1.98431,-0.58472,-1.40698
882.413,1.98431,-0.56543,-1.30493
883.331,1.98431,-0.54907,-1.19629
884.254,1.98431,-0.53711,-1.09399
885.173,1.98431,-0.53027,-0.97559
886.091,1.98431,-0.52197,-0.85669
887.01,1.98431,-0.51465,-0.74121
887.929,1.98431,-0.50977,-0.63721
888.848,1.98431,-0.49927,-0.54761
889.767,1.98431,-0.48901,-0.4585
890.691,1.98431,-0.48901,-0.4585
891.609,1.98431,-0.48389,-0.36646
892.528,1.98431,-0.47729,-0.27783
893.454,1.98431,-0.46509,-0.20288
894.373,1.98431,-0.45093,-0.12744
895.291,1.98431,-0.43652,-0.0498
896.21,1.98431,-0.42554,0.01807
897.129,1.98431,-0.42407,0.08276
898.051,1.98431,-0.41699,0.14917
898.97,1.98431,-0.40479,0.21924
899.889,1.98431,-0.40796,0.28784
900.808,1.98431,-0.41577,0.35083
901.73,1.98431,-0.41479,0.40625
902.649,1.98431,-0.41748,0.47021
903.568,1.98431,-0.41748,0.47021
904.494,1.98431,-0.42334,0.53052
905.413,1.98431,-0.43579,0.56323
906.331,1.98431,-0.4519,0.59619
907.254,1.98431,-0.45898,0.64062
908.173,1.98431,-0.47119,0.67725
909.091,1.98431,-0.47705,0.70093
910.01,1.93848,-0.48706,0.72363
910.929,1.85938,-0.51001,0.74658
911.848,1.78027,-0.52441,0.76758
912.767,1.7002,-0.53735,0.77612
913.691,1.61914,-0.54883,0.78149
914.609,1.53223,-0.54932,0.78955
915.528,1.53223,-0.54932,0.78955
916.454,1.44141,-0.55762,0.78955
917.373,1.34692,-0.56519,0.78076
918.291,1.2439,-0.5686,0.77441
919.21,1.14648,-0.57959,0.77271
920.129,1.05249,-0.59229,0.76782
921.051,0.96021,-0.60596,0.7627
921.97,0.87061,-0.61279,0.74927
922.889,0.77246,-0.61841,0.73926
923.808,0.66382,-0.62769,0.74121
924.73,0.55908,-0.63647,0.73975
925.649,0.46606,-0.63501,0.74219
926.568,0.36963,-0.63306,0.75659
927.494,0.36963,-0.63306,0.75659
928.413,0.28345,-0.63184,0.77026
929.331,0.18628,-0.62109,0.78833
930.254,0.07446,-0.61475,0.80981
931.173,-0.02686,-0.61035,0.83691
932.091,-0.12598,-0.58643,0.89307
933.01,-0.22046,-0.56323,0.95532
933.929,-0.32495,-0.54517,1.00464
934.848,-0.4314,-0.51538,1.07373
935.767,-0.53491,-0.48633,1.15674
936.691,-0.64355,-0.45044,1.23242
937.609,-0.74829,-0.40625,1.3064
938.528,-0.8606,-0.36963,1.37915
939.454,-0.97778,-0.33667,1.45996
940.373,-0.97778,-0.33667,1.45996
941.291,-1.08911,-0.29858,1.53149
942.21,-1.18799,-0.2583,1.59961
943.129,-1.28711,-0.21558,1.68994
944.051,-1.38794,-0.17065,1.77637
944.97,-1.48804,-0.12231,1.84888
945.889,-1.59497,-0.06787,1.93018
946.808,-1.69043,-0.02563,1.98431
947.73,-1.77881,0.00732,1.98431
948.649,-1.87524,0.05054,1.98431
949.568,-1.95801,0.09668,1.98431
950.494,-2.0,0.14771,1.98431
951.413,-2.0,0.19604,1.98431
952.331,-2.0,0.19604,1.98431
953.254,-2.0,0.23608,1.98431
954.173,-2.0,0.27832,1.98431
955.091,-2.0,0.3147,1.98431
956.01,-2.0,0.34961,1.98431
956.929,-2.0,0.39062,1.98431
957.848,-2.0,0.42358,1.98431
958.767,-2.0,0.45239,1.98431
959.691,-2.0,0.48267,1.98431
960.609,-2.0,0.5061,1.98431
961.528,-2.0,0.52979,1.98431
962.454,-2.0,0.55005,1.98431
963.373,-2.0,0.57471,1.98431
964.291,-2.0,0.57471,1.98431
965.21,-2.0,0.5918,1.98431
966.129,-2.0,0.60107,1.98431
967.051,-2.0,0.60864,1.98431
967.97,-2.0,0.59888,1.98431
968.889,-2.0,0.58887,1.98431
969.808,-2.0,0.56885,1.98431
970.73,-2.0,0.5376,1.97095
971.649,-2.0,0.51465,1.96118
972.568,-2.0,0.48584,1.94189
973.494,-2.0,0.4541,1.92529
974.413,-1.9519,0.43091,1.89917
975.331,-1.86841,0.40088,1.86011
976.254,-1.77612,0.37329,1.83228
977.173,-1.77612,0.37329,1.83228
978.091,-1.67432,0.34717,1.80249
979.01,-1.57935,0.31323,1.76245
979.929,-1.48364,0.27881,1.7312
980.848,-1.38525,0.23779,1.70337
981.767,-1.27905,0.20532,1.67236
982.691,-1.17603,0.17627,1.65161
983.609,-1.09741,0.13867,1.62769
984.528,-1.01782,0.10034,1.60229
985.454,-0.94043,0.06836,1.57861
986.373,-0.8606,0.04907,1.55029
987.291,-0.78833,0.02075,1.52539
988.21,-0.72754,-0.00952,1.49512
989.129,-0.72754,-0.00952,1.49512
990.051,-0.66675,-0.03589,1.46167
990.97,-0.60303,-0.06934,1.43555
991.889,-0.54297,-0.09204,1.40576
992.808,-0.49194,-0.11963,1.37183
993.73,-0.43042,-0.15308,1.34009
994.649,-0.36987,-0.18115,1.31226
995.568,-0.3125,-0.21045,1.27612
996.494,-0.25806,-0.24023,1.25049
997.413,-0.21289,-0.26978,1.23145
998.331,-0.15894,-0.2998,1.20239
999.254,-0.09473,-0.32739,1.18359
1000.173,-0.04126,-0.34253,1.16455
1001.091,-0.04126,-0.34253,1.16455
1002.01,0.0105,-0.37109,1.14453
1002.929,0.06006,-0.40454,1.12085
1003.848,0.1123,-0.42871,1.10376
1004.767,0.17236,-0.44873,1.08936
1005.691,0.23047,-0.46802,1.06909
1006.609,0.28418,-0.4895,1.05396
1007.528,0.33081,-0.50928,1.03857
1008.454,0.37646,-0.52441,1.0105
1009.373,0.43384,-0.53369,0.98511
1010.291,0.49194,-0.54907,0.97949
1011.21,0.54834,-0.5564,0.96143
1012.129,0.6189,-0.55835,0.93091
1013.051,0.69067,-0.55811,0.9043
1013.97,0.69067,-0.55811,0.9043
1014.889,0.7627,-0.55884,0.88086
1015.808,0.84912,-0.55688,0.85425
1016.73,0.9353,-0.55029,0.8269
1017.649,1.01099,-0.54126,0.80103
1018.568,1.08252,-0.53613,0.77002
1019.494,1.16431,-0.53613,0.73047
1020.413,1.25391,-0.53027,0.68994
1021.331,1.34717,-0.52295,0.66187
1022.254,1.44458,-0.5083,0.62939
1023.173,1.53418,-0.49512,0.58423
1024.091,1.62866,-0.49072,0.5376
1025.01,1.73218,-0.49023,0.49683
1025.929,1.73218,-0.49023,0.49683
1026.848,1.83276,-0.49292,0.44775
1027.767,1.92993,-0.4895,0.39258
1028.691,1.98431,-0.49341,0.33447
1029.609,1.98431,-0.51147,0.27295
1030.528,1.98431,-0.5271,0.21021
1031.454,1.98431,-0.54297,0.14111
1032.373,1.98431,-0.56226,0.06763
1033.291,1.98431,-0.57446,-0.00854
1034.21,1.98431,-0.59741,-0.08716
1035.129,1.98431,-0.62524,-0.17505
1036.051,1.98431,-0.63525,-0.27246
1036.97,1.98431,-0.65649,-0.36816
1037.889,1.98431,-0.65649,-0.36816
1038.808,1.98431,-0.6709,-0.46729
1039.73,1.98431,-0.67822,-0.56958
1040.649,1.98431,-0.69556,-0.66504
1041.568,1.98431,-0.70483,-0.7644
1042.494,1.98431,-0.71606,-0.86304
1043.413,1.98431,-0.72461,-0.96997
1044.331,1.98431,-0.72632,-1.07739
1045.254,1.98431,-0.729,-1.17383
1046.173,1.98431,-0.72437,-1.27637
1047.091,1.98431,-0.71313,-1.37671
1048.01,1.98431,-0.71265,-1.4646
1048.929,1.98431,-0.71851,-1.54468
1049.848,1.98431,-0.71509,-1.61475
1050.767,1.98431,-0.71509,-1.61475
1051.691,1.98431,-0.71606,-1.68457
1052.609,1.98431,-0.71997,-1.74487
1053.528,1.98431,-0.72241,-1.78955
1054.454,1.98431,-0.73755,-1.82275
1055.373,1.98431,-0.74463,-1.84326
1056.291,1.98431,-0.73462,-1.85986
1057.21,1.98431,-0.73657,-1.86914
1058.129,1.98431,-0.73975,-1.86743
1059.051,1.98431,-0.72705,-1.854
1059.97,1.98431,-0.70801,-1.84155
1060.889,1.98431,-0.68604,-1.81348
1061.808,1.98431,-0.66797,-1.77075
1062.73,1.98431,-0.66797,-1.77075
1063.649,1.98431,-0.65405,-1.71753
1064.568,1.98431,-0.63721,-1.65649
1065.494,1.98431,-0.62622,-1.58081
1066.413,1.98431,-0.61841,-1.49219
1067.331,1.98431,-0.60571,-1.40088
1068.254,1.98431,-0.58887,-1.29492
1069.173,1.98431,-0.57642,-1.18384
1070.091,1.98431,-0.56104,-1.0769
1071.01,1.98431,-0.54321,-0.9646
1071.929,1.98431,-0.53589,-0.8501
1072.848,1.98431,-0.54053,-0.7373
1073.767,1.98431,-0.54736,-0.61572
1074.691,1.98431,-0.54736,-0.61572
1075.609,1.98431,-0.54956,-0.50879
1076.528,1.98431,-0.55127,-0.41211
1077.454,1.98431,-0.55518,-0.31714
1078.373,1.98431,-0.55151,-0.22388
1079.291,1.98431,-0.54272,-0.12817
1080.21,1.98431,-0.52832,-0.04395
1081.129,1.98431,-0.51025,0.03857
1082.051,1.98431,-0.49976,0.11646
1082.97,1.98431,-0.4917,0.18408
1083.889,1.98431,-0.48706,0.24951
1084.808,1.98431,-0.48047,0.32397
1085.73,1.98431,-0.47876,0.39526
1086.649,1.98431,-0.48022,0.45581
1087.568,1.98431,-0.48022,0.45581
1088.494,1.98431,-0.47827,0.51611
1089.413,1.98431,-0.47314,0.58203
1090.331,1.98431,-0.48071,0.646
1091.254,1.98431,-0.50366,0.69946
1092.173,1.98431,-0.52271,0.74414
1093.091,1.98431,-0.5437,0.78101
1094.01,1.93774,-0.56445,0.8252
1094.929,1.86816,-0.58301,0.85229
1095.848,1.79956,-0.59839,0.87427
1096.767,1.71997,-0.60596,0.89624
1097.691,1.63379,-0.60815,0.89844
1098.609,1.54468,-0.6106,0.91772
1099.528,1.54468,-0.6106,0.91772
1100.454,1.45361,-0.60986,0.92896
1101.373,1.3562,-0.61035,0.92407
1102.291,1.26831,-0.63696,0.92017
1103.21,1.17529,-0.65186,0.91016
1104.129,1.06909,-0.64844,0.90186
1105.051,0.97607,-0.65845,0.90015
1105.97,0.87793,-0.66528,0.89478
1106.889,0.77979,-0.66504,0.87109
1107.808,0.69653,-0.6665,0.86011
1108.73,0.61401,-0.66602,0.85645
1109.649,0.53149,-0.66528,0.83911
1110.568,0.44629,-0.67065,0.82837
1111.494,0.44629,-0.67065,0.82837
1112.413,0.35791,-0.68213,0.83032
1113.331,0.2605,-0.68457,0.82397
1114.254,0.15918,-0.67896,0.80786
1115.173,0.0686,-0.67456,0.80078
1116.091,-0.02197,-0.66357,0.80444
1117.01,-0.10767,-0.64478,0.81812
1117.929,-0.20215,-0.62695,0.84961
1118.848,-0.31079,-0.60669,0.87866
1119.767,-0.41113,-0.58276,0.90894
1120.691,-0.5166,-0.56372,0.95557
1121.609,-0.63428,-0.53394,1.01343
1122.528,-0.74707,-0.50854,1.08105
1123.454,-0.84619,-0.48535,1.1521
1124.373,-0.84619,-0.48535,1.1521
1125.291,-0.95264,-0.45166,1.23584
1126.21,-1.07153,-0.42041,1.32544
1127.129,-1.18652,-0.39233,1.41064
1128.051,-1.29614,-0.35547,1.49976
1128.97,-1.40845,-0.31689,1.59814
1129.889,-1.53687,-0.271,1.70459
1130.808,-1.6521,-0.21729,1.7998
1131.73,-1.75928,-0.17334,1.89746
1132.649,-1.86792,-0.12695,1.97778
1133.568,-1.97217,-0.0752,1.98431
1134.494,-2.0,-0.02515,1.98431
1135.413,-2.0,0.02539,1.98431
1136.331,-2.0,0.02539,1.98431
1137.254,-2.0,0.07715,1.98431
1138.173,-2.0,0.12012,1.98431
1139.091,-2.0,0.16821,1.98431
1140.01,-2.0,0.21069,1.98431
1140.929,-2.0,0.25049,1.98431
1141.848,-2.0,0.29199,1.98431
1142.767,-2.0,0.33032,1.98431
1143.691,-2.0,0.3689,1.98431
1144.609,-2.0,0.39624,1.98431
1145.528,-2.0,0.42749,1.98431
1146.454,-2.0,0.45288,1.98431
1147.373,-2.0,0.47583,1.98431
1148.291,-2.0,0.47583,1.98431
1149.21,-2.0,0.48926,1.98431
1150.129,-2.0,0.48926,1.98431
1151.051,-2.0,0.48779,1.98431
1151.97,-2.0,0.48096,1.98431
1152.889,-2.0,0.47485,1.98431
1153.808,-2.0,0.46338,1.98431
1154.73,-2.0,0.44702,1.98431
1155.649,-2.0,0.42822,1.98431
1156.568,-2.0,0.40552,1.9563
1157.494,-2.0,0.3855,1.90845
1158.413,-2.0,0.3584,1.86304
1159.331,-2.0,0.32886,1.81812
1160.254,-2.0,0.30273,1.77466
1161.173,-2.0,0.30273,1.77466
1162.091,-2.0,0.2749,1.73169
1163.01,-1.91577,0.24585,1.69678
1163.929,-1.80396,0.20898,1.6731
1164.848,-1.68945,0.17554,1.64575
1165.767,-1.57471,0.1394,1.62231
1166.691,-1.46045,0.09961,1.60889
1167.609,-1.34961,0.06689,1.59839
1168.528,-1.24463,0.03662,1.57788
1169.454,-1.14185,-0.00317,1.55688
1170.373,-1.04663,-0.04175,1.54297
1171.291,-0.96313,-0.0769,1.52051
1172.21,-0.88159,-0.10669,1.50122
1173.129,-0.88159,-0.10669,1.50122
1174.051,-0.79028,-0.13062,1.48169
1174.97,-0.70166,-0.15942,1.46167
1175.889,-0.62915,-0.18799,1.43652
1176.808,-0.56177,-0.22021,1.40625
1177.73,-0.4834,-0.24976,1.37646
1178.649,-0.41211,-0.27417,1.34863
1179.568,-0.35181,-0.30029,1.32788
1180.494,-0.28735,-0.32251,1.28906
1181.413,-0.23291,-0.34351,1.25757
1182.331,-0.16895,-0.37183,1.23267
1183.254,-0.10645,-0.40771,1.19897
1184.173,-0.06299,-0.4397,1.17139
1185.091,-0.06299,-0.4397,1.17139
1186.01,-0.01196,-0.46265,1.14673
1186.929,0.04614,-0.48511,1.12451
1187.848,0.10376,-0.51367,1.10986
1188.767,0.1521,-0.53809,1.09497
1189.691,0.20044,-0.55786,1.07397
1190.609,0.25781,-0.57861,1.05151
1191.528,0.31787,-0.59277,1.03687
1192.454,0.37598,-0.60449,1.02026
1193.373,0.42456,-0.61597,1.00073
1194.291,0.47705,-0.62451,0.99072
1195.21,0.54224,-0.62427,0.9729
1196.129,0.60596,-0.62061,0.94727
1197.051,0.66724,-0.61743,0.92456
1197.97,0.66724,-0.61743,0.92456
1198.889,0.72632,-0.61548,0.90845
1199.808,0.79468,-0.61011,0.89502
1200.73,0.86475,-0.60059,0.88257
1201.649,0.94482,-0.58521,0.85913
1202.568,1.03442,-0.56494,0.83472
1203.494,1.11108,-0.55566,0.82031
1204.413,1.198,-0.5459,0.802
1205.331,1.30371,-0.5271,0.78516
1206.254,1.40845,-0.51318,0.76294
1207.173,1.50586,-0.50049,0.74561
1208.091,1.60498,-0.4873,0.72949
1209.01,1.70947,-0.48779,0.70288
1209.929,1.70947,-0.48779,0.70288
1210.848,1.8064,-0.49097,0.68091
1211.767,1.90527,-0.48413,0.65161
1212.691,1.98431,-0.48291,0.61353
1213.609,1.98431,-0.49146,0.57861
1214.528,1.98431,-0.49854,0.5415
1215.454,1.98431,-0.51196,0.48926
1216.373,1.98431,-0.52954,0.4436
1217.291,1.98431,-0.53955,0.39551
1218.21,1.98431,-0.55762,0.32935
1219.129,1.98431,-0.57739,0.26099
1220.051,1.98431,-0.5896,0.18677
1220.97,1.98431,-0.6106,0.12524
1221.889,1.98431,-0.6106,0.12524
1222.808,1.98431,-0.6377,0.06738
1223.73,1.98431,-0.65698,-0.01733
1224.649,1.98431,-0.67114,-0.10547
1225.568,1.98431,-0.68311,-0.19971
1226.494,1.98431,-0.69385,-0.30762
1227.413,1.98431,-0.7002,-0.4187
1228.331,1.98431,-0.70239,-0.54102
1229.254,1.98431,-0.69995,-0.68091
1230.173,1.98431,-0.70361,-0.8252
1231.091,1.98431,-0.72192,-0.96094
1232.01,1.98431,-0.7373,-1.10645
1232.929,1.98431,-0.74707,-1.2478
1233.848,1.98431,-0.74683,-1.38428
1234.767,1.98431,-0.74683,-1.38428
1235.691,1.98431,-0.75122,-1.51562
1236.609,1.98431,-0.76489,-1.62964
1237.528,1.98431,-0.78076,-1.73682
1238.454,1.98431,-0.79272,-1.84595
1239.373,1.98431,-0.79517,-1.94238
1240.291,1.98431,-0.80762,-2.0
1241.21,1.98431,-0.82666,-2.0
1242.129,1.98431,-0.84375,-2.0
1243.051,1.98431,-0.84937,-2.0
1243.97,1.98431,-0.84082,-2.0
1244.889,1.98431,-0.83569,-2.0
1245.808,1.98431,-0.83374,-2.0
1246.73,1.98431,-0.83374,-2.0
1247.649,1.98431,-0.83325,-2.0
1248.568,1.98431,-0.82471,-2.0
1249.494,1.98431,-0.8125,-2.0
1250.413,1.98431,-0.80225,-2.0
1251.331,1.98431,-0.79297,-2.0
1252.254,1.98431,-0.79468,-1.979
1253.173,1.98431,-0.7854,-1.88623
1254.091,1.98431,-0.77344,-1.77686
1255.01,1.98431,-0.76245,-1.65869
1255.929,1.98431,-0.74976,-1.53955
1256.848,1.98431,-0.74487,-1.4021
1257.767,1.98431,-0.73853,-1.25854
1258.691,1.98431,-0.73853,-1.25854
1259.609,1.98431,-0.73633,-1.11865
1260.528,1.98431,-0.73706,-0.98169
1261.454,1.98431,-0.7356,-0.85596
1262.373,1.98431,-0.73047,-0.7417
1263.291,1.98431,-0.72412,-0.62109
1264.21,1.98431,-0.71045,-0.50146
1265.129,1.98431,-0.69653,-0.39722
1266.051,1.98431,-0.68433,-0.28931
1266.97,1.98431,-0.66919,-0.18408
1267.889,1.98431,-0.65234,-0.09155
1268.808,1.98431,-0.63672,0.00122
1269.73,1.98431,-0.62354,0.0874
1270.649,1.98431,-0.60596,0.17798
1271.568,1.98431,-0.60596,0.17798
1272.494,1.98431,-0.5874,0.26953
1273.413,1.98431,-0.57935,0.34937
1274.331,1.98431,-0.57642,0.42896
1275.254,1.98431,-0.57227,0.50513
1276.173,1.98431,-0.57397,0.58765
1277.091,1.98431,-0.57397,0.68457
1278.01,1.98431,-0.58398,0.77905
1278.929,1.98431,-0.59839,0.85376
1279.848,1.98431,-0.60791,0.91968
1280.767,1.98431,-0.62402,0.98535
1281.691,1.98431,-0.64209,1.03467
1282.609,1.9436,-0.64502,1.06494
1283.528,1.9436,-0.64502,1.06494
1284.454,1.8728,-0.64575,1.0918
1285.373,1.78003,-0.64966,1.11938
1286.291,1.69336,-0.64624,1.13403
1287.21,1.60693,-0.64355,1.13159
1288.129,1.50732,-0.64673,1.12793
1289.051,1.40625,-0.65283,1.11133
1289.97,1.30933,-0.65625,1.09106
1290.889,1.21289,-0.66211,1.08325
1291.808,1.1123,-0.66479,1.06323
1292.73,1.01709,-0.6604,1.03564
1293.649,0.91626,-0.6582,1.02588
1294.568,0.81396,-0.67065,1.01343
1295.494,0.81396,-0.67065,1.01343
1296.413,0.71436,-0.6814,0.99927
1297.331,0.61548,-0.6875,0.99731
1298.254,0.53564,-0.68726,0.99902
1299.173,0.45337,-0.67896,1.00488
1300.091,0.35205,-0.6875,1.00122
1301.01,0.2522,-0.69019,0.9917
1301.929,0.15186,-0.677,0.99121
1302.848,0.05908,-0.66943,1.00562
1303.767,-0.03979,-0.65381,1.02393
1304.691,-0.15527,-0.63501,1.052
1305.609,-0.26978,-0.61865,1.0813
1306.528,-0.39136,-0.59546,1.10938
1307.454,-0.51758,-0.56519,1.15088
1308.373,-0.51758,-0.56519,1.15088
1309.291,-0.64502,-0.53906,1.20166
1310.21,-0.77661,-0.51782,1.27026
1311.129,-0.91309,-0.48071,1.35034
1312.051,-1.04053,-0.43652,1.43311
1312.97,-1.16748,-0.38916,1.51245
1313.889,-1.29858,-0.33838,1.60376
1314.808,-1.42432,-0.29321,1.70654
1315.73,-1.54639,-0.24561,1.80664
1316.649,-1.6665,-0.19385,1.91235
1317.568,-1.78589,-0.14331,1.98431
1318.494,-1.90503,-0.10034,1.98431
1319.413,-2.0,-0.05762,1.98431
1320.331,-2.0,-0.05762,1.98431
1321.254,-2.0,-0.01245,1.98431
1322.173,-2.0,0.02197,1.98431
1323.091,-2.0,0.06274,1.98431
1324.01,-2.0,0.11499,1.98431
1324.929,-2.0,0.16089,1.98431
1325.848,-2.0,0.20142,1.98431
1326.767,-2.0,0.24292,1.98431
1327.691,-2.0,0.28369,1.98431
1328.609,-2.0,0.31592,1.98431
1329.528,-2.0,0.34888,1.98431
1330.454,-2.0,0.37988,1.98431
1331.373,-2.0,0.40771,1.98431
1332.291,-2.0,0.43408,1.98431
1333.21,-2.0,0.43408,1.98431
1334.129,-2.0,0.44751,1.98431
1335.051,-2.0,0.46143,1.98431
1335.97,-2.0,0.47852,1.98431
1336.889,-2.0,0.4873,1.98431
1337.808,-2.0,0.4978,1.98431
1338.73,-2.0,0.50024,1.98431
1339.649,-2.0,0.49219,1.98431
1340.568,-2.0,0.48242,1.98431
1341.494,-2.0,0.45996,1.98431
1342.413,-2.0,0.44092,1.97144
1343.331,-2.0,0.42041,1.92651
1344.254,-2.0,0.39355,1.88745
1345.173,-2.0,0.39355,1.88745
1346.091,-2.0,0.36548,1.84888
1347.01,-2.0,0.33447,1.81714
1347.929,-2.0,0.29761,1.79126
1348.848,-2.0,0.25977,1.75879
1349.767,-2.0,0.22412,1.71899
1350.691,-1.88867,0.17969,1.69141
1351.609,-1.78125,0.13184,1.67188
1352.528,-1.67017,0.08154,1.64551
1353.454,-1.56616,0.03369,1.6189
1354.373,-1.4668,-0.00659,1.59424
1355.291,-1.37085,-0.0498,1.56958
1356.21,-1.28394,-0.09351,1.5415
1357.129,-1.28394,-0.09351,1.5415
1358.051,-1.18774,-0.12769,1.51123
1358.97,-1.08545,-0.16016,1.47778
1359.889,-0.98608,-0.18408,1.44556
1360.808,-0.88525,-0.21045,1.41431
1361.73,-0.78516,-0.23975,1.38062
1362.649,-0.69556,-0.27197,1.34277
1363.568,-0.60791,-0.30591,1.30469
1364.494,-0.53174,-0.3313,1.28052
1365.413,-0.46118,-0.36353,1.24707
1366.331,-0.3894,-0.39307,1.21777
1367.254,-0.32495,-0.4231,1.19238
1368.173,-0.25781,-0.4519,1.16626
1369.091,-0.19385,-0.48291,1.14795
1370.01,-0.19385,-0.48291,1.14795
1370.929,-0.13599,-0.51294,1.12598
1371.848,-0.08496,-0.53784,1.1167
1372.767,-0.03589,-0.55835,1.10034
1373.691,0.01465,-0.57715,1.08325
1374.609,0.06738,-0.6106,1.07397
1375.528,0.11694,-0.63623,1.06763
1376.454,0.16821,-0.6543,1.06445
1377.373,0.22681,-0.67603,1.05859
1378.291,0.27759,-0.69873,1.04688
1379.21,0.32251,-0.71729,1.03809
1380.129,0.37817,-0.72729,1.03125
1381.051,0.43457,-0.73193,1.01758
1381.97,0.43457,-0.73193,1.01758
1382.889,0.48999,-0.73315,1.00854
1383.808,0.5542,-0.73511,0.99951
1384.73,0.62231,-0.72705,0.9895
1385.649,0.69067,-0.71753,0.96729
1386.568,0.76196,-0.71606,0.9436
1387.494,0.84766,-0.70874,0.92285
1388.413,0.93408,-0.69238,0.89819
1389.331,1.01904,-0.67358,0.88086
1390.254,1.11157,-0.65552,0.86279
1391.173,1.1958,-0.63989,0.84814
1392.091,1.29761,-0.62646,0.83276
1393.01,1.39893,-0.61133,0.80835
1393.929,1.39893,-0.61133,0.80835
1394.848,1.49634,-0.59644,0.78882
1395.767,1.61011,-0.58228,0.76758
1396.691,1.71289,-0.57202,0.73779
1397.609,1.80859,-0.56152,0.70508
1398.528,1.90869,-0.55371,0.66919
1399.454,1.98431,-0.55518,0.62891
1400.373,1.98431,-0.55151,0.58813
1401.291,1.98431,-0.55713,0.55542
1402.21,1.98431,-0.56934,0.51587
1403.129,1.98431,-0.57861,0.46167
1404.051,1.98431,-0.59863,0.39844
1404.97,1.98431,-0.62695,0.33179
1405.889,1.98431,-0.65576,0.26782
1406.808,1.98431,-0.65576,0.26782
1407.73,1.98431,-0.68164,0.1936
1408.649,1.98431,-0.71313,0.11108
1409.568,1.98431,-0.74023,0.01465
1410.494,1.98431,-0.75708,-0.08862
1411.413,1.98431,-0.78003,-0.18652
1412.331,1.98431,-0.81201,-0.2832
1413.254,1.98431,-0.83545,-0.38208
1414.173,1.98431,-0.85107,-0.49463
1415.091,1.98431,-0.86548,-0.61035
1416.01,1.98431,-0.88037,-0.73535
1416.929,1.98431,-0.87769,-0.87622
1417.848,1.98431,-0.86475,-1.02271
1418.767,1.98431,-0.86475,-1.02271
1419.691,1.98431,-0.85742,-1.16455
1420.609,1.98431,-0.83618,-1.2959
1421.528,1.98431,-0.80835,-1.43042
1422.454,1.98431,-0.79834,-1.55908
1423.373,1.98431,-0.80518,-1.66406
1424.291,1.98431,-0.81128,-1.75781
1425.21,1.98431,-0.82129,-1.83105
1426.129,1.98431,-0.81909,-1.90576
1427.051,1.98431,-0.81689,-1.9834
1427.97,1.98431,-0.8252,-2.0
1428.889,1.98431,-0.83081,-2.0
1429.808,1.98431,-0.83496,-2.0
1430.73,1.98431,-0.83496,-2.0
1431.649,1.98431,-0.83789,-2.0
1432.568,1.98431,-0.84106,-2.0
1433.494,1.98431,-0.83691,-2.0
1434.413,1.98431,-0.84058,-2.0
1435.331,1.98431,-0.84863,-2.0
1436.254,1.98431,-0.854,-1.98511
1437.173,1.98431,-0.8479,-1.93457
1438.091,1.98431,-0.83154,-1.87695
1439.01,1.98431,-0.83472,-1.7981
1439.929,1.98431,-0.83594,-1.7019
1440.848,1.98431,-0.82104,-1.60571
1441.767,1.98431,-0.79883,-1.4978
1442.691,1.98431,-0.78027,-1.38574
1443.609,1.98431,-0.78027,-1.38574
1444.528,1.98431,-0.7688,-1.26733
1445.454,1.98431,-0.76367,-1.13525
1446.373,1.98431,-0.76147,-1.01855
1447.291,1.98431,-0.76221,-0.90259
1448.21,1.98431,-0.77051,-0.77441
1449.129,1.98431,-0.76709,-0.65894
1450.051,1.98431,-0.7583,-0.55884
1450.97,1.98431,-0.74951,-0.45776
1451.889,1.98431,-0.73511,-0.3562
1452.808,1.98431,-0.7251,-0.26025
1453.73,1.98431,-0.71777,-0.16943
1454.649,1.98431,-0.70825,-0.08374
1455.568,1.98431,-0.70825,-0.08374
1456.494,1.98431,-0.6936,0.0022
1457.413,1.98431,-0.68481,0.0835
1458.331,1.98431,-0.67432,0.15991
1459.254,1.98431,-0.66162,0.2417
1460.173,1.98431,-0.64844,0.31812
1461.091,1.98431,-0.63818,0.39258
1462.01,1.98431,-0.64062,0.47534
1462.929,1.98431,-0.63892,0.54541
1463.848,1.98431,-0.63623,0.60962
1464.767,1.98431,-0.63818,0.67041
1465.691,1.98431,-0.64771,0.72559
1466.609,1.98431,-0.65234,0.76807
1467.528,1.98431,-0.65234,0.76807
1468.454,1.97217,-0.65283,0.81299
1469.373,1.93262,-0.65796,0.85938
1470.291,1.86401,-0.66626,0.89722
1471.21,1.79639,-0.67261,0.93579
1472.129,1.72729,-0.66772,0.9668
1473.051,1.65186,-0.66504,0.98926
1473.97,1.56714,-0.66919,1.00488
1474.889,1.48364,-0.67285,1.02905
1475.808,1.40356,-0.67554,1.03857
1476.73,1.31177,-0.67773,1.04004
1477.649,1.21484,-0.67847,1.05518
1478.568,1.11987,-0.6792,1.05908
1479.494,1.03125,-0.67969,1.05029
1480.413,1.03125,-0.67969,1.05029
1481.331,0.9397,-0.68091,1.0481
1482.254,0.85864,-0.6814,1.04517
1483.173,0.77588,-0.6814,1.03857
1484.091,0.6792,-0.68335,1.03296
1485.01,0.5896,-0.68018,1.00928
1485.929,0.51953,-0.67993,0.9812
1486.848,0.44116,-0.67676,0.96973
1487.767,0.3623,-0.67065,0.96704
1488.691,0.29419,-0.66235,0.95898
1489.609,0.20752,-0.65771,0.9397
1490.528,0.12744,-0.65356,0.927
1491.454,0.05078,-0.63843,0.93408
1492.373,0.05078,-0.63843,0.93408
1493.291,-0.0354,-0.63306,0.94092
1494.21,-0.11255,-0.61987,0.95581
1495.129,-0.19531,-0.60156,0.97949
1496.051,-0.2832,-0.58496,1.00366
1496.97,-0.36792,-0.56128,1.0415
1497.889,-0.46313,-0.54272,1.08008
1498.808,-0.55762,-0.52319,1.125
1499.73,-0.65308,-0.50269,1.18237
1500.649,-0.73975,-0.47266,1.2439
1501.568,-0.83423,-0.43677,1.30957
1502.494,-0.94531,-0.4104,1.38037
1503.413,-1.04199,-0.38354,1.45508
1504.331,-1.04199,-0.38354,1.45508
1505.254,-1.14478,-0.35376,1.54053
1506.173,-1.25659,-0.3208,1.63379
1507.091,-1.35913,-0.27905,1.72168
1508.01,-1.46021,-0.25415,1.80518
1508.929,-1.56274,-0.22754,1.89038
1509.848,-1.66089,-0.18188,1.97095
1510.767,-1.75635,-0.13818,1.98431
1511.691,-1.85498,-0.08887,1.98431
1512.609,-1.94727,-0.04224,1.98431
1513.528,-2.0,0.0061,1.98431
1514.454,-2.0,0.04248,1.98431
1515.373,-2.0,0.08154,1.98431
1516.291,-2.0,0.13281,1.98431
1517.21,-2.0,0.13281,1.98431
1518.129,-2.0,0.16431,1.98431
1519.051,-2.0,0.20044,1.98431
1519.97,-2.0,0.23413,1.98431
1520.889,-2.0,0.25488,1.98431
1521.808,-2.0,0.28931,1.98431
1522.73,-2.0,0.3208,1.98431
1523.649,-2.0,0.34399,1.98431
1524.568,-2.0,0.36841,1.98431
1525.494,-2.0,0.39429,1.98431
1526.413,-2.0,0.41602,1.98431
1527.331,-2.0,0.43018,1.98431
1528.254,-2.0,0.44312,1.98431
1529.173,-2.0,0.44312,1.98431
1530.091,-2.0,0.44678,1.98431
1531.01,-2.0,0.43872,1.98431
1531.929,-2.0,0.43188,1.98431
1532.848,-2.0,0.42261,1.95239
1533.767,-2.0,0.40381,1.8999
1534.691,-2.0,0.37354,1.84717
1535.609,-2.0,0.34741,1.7937
1536.528,-2.0,0.32129,1.74902
1537.454,-1.96313,0.28833,1.7085
1538.373,-1.8728,0.26416,1.66162
1539.291,-1.77759,0.2334,1.61401
1540.21,-1.68506,0.20215,1.57544
1541.129,-1.68506,0.20215,1.57544
1542.051,-1.58374,0.16797,1.53906
1542.97,-1.47607,0.12866,1.49951
1543.889,-1.37646,0.09253,1.47534
1544.808,-1.27075,0.05566,1.45264
1545.73,-1.16187,0.02637,1.41992
1546.649,-1.0686,0.00269,1.39478
1547.568,-0.98267,-0.02563,1.36816
1548.494,-0.89282,-0.05127,1.34375
1549.413,-0.80273,-0.07959,1.32129
1550.331,-0.71191,-0.11206,1.30078
1551.254,-0.62915,-0.13477,1.28833
1552.173,-0.56494,-0.15405,1.27466
1553.091,-0.50049,-0.18164,1.25269
1554.01,-0.50049,-0.18164,1.25269
1554.929,-0.42676,-0.21362,1.22656
1555.848,-0.3501,-0.24072,1.20239
1556.767,-0.28174,-0.27466,1.18018
1557.691,-0.22339,-0.30127,1.15479
1558.609,-0.16406,-0.323,1.12036
1559.528,-0.1106,-0.34937,1.09595
1560.454,-0.05029,-0.36914,1.07666
1561.373,0.01367,-0.39746,1.06055
1562.291,0.06079,-0.42944,1.03906
1563.21,0.11597,-0.45386,1.01978
1564.129,0.17432,-0.4668,1.00732
1565.051,0.22485,-0.48022,0.9978
1565.97,0.22485,-0.48022,0.9978
1566.889,0.28149,-0.49365,0.98755
1567.808,0.32959,-0.51074,0.98193
1568.73,0.38037,-0.52686,0.97974
1569.649,0.44385,-0.53149,0.9707
1570.568,0.49658,-0.53564,0.95386
1571.494,0.55029,-0.53931,0.93774
1572.413,0.60962,-0.53979,0.92554
1573.331,0.67383,-0.53638,0.91675
1574.254,0.74243,-0.53613,0.91064
1575.173,0.81665,-0.5293,0.89331
1576.091,0.88867,-0.52075,0.8855
1577.01,0.9729,-0.51685,0.87378
1577.929,0.9729,-0.51685,0.87378
1578.848,1.05542,-0.51221,0.85522
1579.767,1.1311,-0.50781,0.8418
1580.691,1.21948,-0.50342,0.83081
1581.609,1.30518,-0.49976,0.81494
1582.528,1.39648,-0.49097,0.79468
1583.454,1.48364,-0.48804,0.78784
1584.373,1.57104,-0.48242,0.76733
1585.291,1.65356,-0.48096,0.72461
1586.21,1.73608,-0.47925,0.69995
1587.129,1.8269,-0.47778,0.67212
1588.051,1.91113,-0.48828,0.62891
1588.97,1.98431,-0.49683,0.58301
1589.889,1.98431,-0.50366,0.53833
1590.808,1.98431,-0.50366,0.53833
1591.73,1.98431,-0.51587,0.48901
1592.649,1.98431,-0.53442,0.43115
1593.568,1.98431,-0.54565,0.37915
1594.494,1.98431,-0.55688,0.32837
1595.413,1.98431,-0.57275,0.271
1596.331,1.98431,-0.59766,0.20947
1597.254,1.98431,-0.62964,0.14526
1598.173,1.98431,-0.64893,0.07031
1599.091,1.98431,-0.66504,-0.01001
1600.01,1.98431,-0.68433,-0.10449
1600.929,1.98431,-0.7063,-0.2207
1601.848,1.98431,-0.71899,-0.3335
1602.767,1.98431,-0.71899,-0.3335
1603.691,1.98431,-0.72266,-0.44995
1604.609,1.98431,-0.72998,-0.57397
1605.528,1.98431,-0.73633,-0.69995
1606.454,1.98431,-0.73877,-0.82935
1607.373,1.98431,-0.73804,-0.95288
1608.291,1.98431,-0.74561,-1.07715
1609.21,1.98431,-0.75171,-1.20581
1610.129,1.98431,-0.75806,-1.32227
1611.051,1.98431,-0.76904,-1.43115
1611.97,1.98431,-0.78735,-1.54272
1612.889,1.98431,-0.8042,-1.63086
1613.808,1.98431,-0.81128,-1.71069
1614.73,1.98431,-0.81128,-1.71069
1615.649,1.98431,-0.83081,-1.77368
1616.568,1.98431,-0.85571,-1.82251
1617.494,1.98431,-0.87549,-1.87402
1618.413,1.98431,-0.896,-1.91528
1619.331,1.98431,-0.90308,-1.94531
1620.254,1.98431,-0.90527,-1.95947
1621.173,1.98431,-0.91846,-1.96948
1622.091,1.98431,-0.92603,-1.97046
1623.01,1.98431,-0.91089,-1.96045
1623.929,1.98431,-0.89844,-1.94824
1624.848,1.98431,-0.90991,-1.92505
1625.767,1.98431,-0.91675,-1.89136
1626.691,1.98431,-0.92383,-1.84326
1627.609,1.98431,-0.92383,-1.84326
1628.528,1.98431,-0.92651,-1.78442
1629.454,1.98431,-0.92285,-1.72046
1630.373,1.98431,-0.92188,-1.6521
1631.291,1.98431,-0.90747,-1.57227
1632.21,1.98431,-0.88892,-1.47803
1633.129,1.98431,-0.86401,-1.38062
1634.051,1.98431,-0.83862,-1.28149
1634.97,1.98431,-0.81567,-1.18506
1635.889,1.98431,-0.79932,-1.08276
1636.808,1.98431,-0.78711,-0.97046
1637.73,1.98431,-0.77393,-0.86206
1638.649,1.98431,-0.76489,-0.74829
1639.568,1.98431,-0.76489,-0.74829
1640.494,1.98431,-0.75366,-0.63965
1641.413,1.98431,-0.74561,-0.54639
1642.331,1.98431,-0.73584,-0.4502
1643.254,1.98431,-0.71802,-0.35278
1644.173,1.98431,-0.698,-0.26123
1645.091,1.98431,-0.67578,-0.17236
1646.01,1.98431,-0.64746,-0.0835
1646.929,1.98431,-0.62549,0.00806
1647.848,1.98431,-0.61743,0.09448
1648.767,1.98431,-0.59912,0.17627
1649.691,1.98431,-0.57544,0.2605
1650.609,1.98431,-0.56763,0.3418
1651.528,1.98431,-0.56763,0.3418
1652.454,1.98431,-0.56494,0.41919
1653.373,1.98431,-0.56226,0.49683
1654.291,1.98431,-0.56079,0.56665
1655.21,1.98431,-0.56641,0.63306
1656.129,1.98431,-0.56836,0.70117
1657.051,1.98431,-0.56641,0.76245
1657.97,1.97437,-0.57056,0.8186
1658.889,1.92627,-0.56787,0.87354
1659.808,1.87036,-0.56885,0.91943
1660.73,1.80591,-0.57104,0.96021
1661.649,1.73242,-0.57349,0.9978
1662.568,1.65771,-0.58154,1.02783
1663.494,1.58691,-0.58179,1.05493
1664.413,1.58691,-0.58179,1.05493
1665.331,1.50757,-0.58203,1.07129
1666.254,1.42993,-0.58008,1.08813
1667.173,1.35669,-0.57568,1.09424
1668.091,1.2749,-0.57886,1.08765
1669.01,1.17749,-0.58325,1.08545
1669.929,1.09937,-0.57983,1.0791
1670.848,1.03296,-0.56958,1.07031
1671.767,0.94189,-0.56641,1.05908
1672.691,0.85156,-0.57227,1.04468
1673.609,0.771,-0.57373,1.02563
1674.528,0.68091,-0.57642,0.99121
1675.454,0.59912,-0.57129,0.96948
1676.373,0.59912,-0.57129,0.96948
1677.291,0.52075,-0.56714,0.95898
1678.21,0.44653,-0.56714,0.94092
1679.129,0.37402,-0.55737,0.93652
1680.051,0.30176,-0.55542,0.93848
1680.97,0.22974,-0.55103,0.92578
1681.889,0.15405,-0.54712,0.91821
1682.808,0.08667,-0.55078,0.93164
1683.73,0.02344,-0.54907,0.93457
1684.649,-0.04907,-0.54028,0.94189
1685.568,-0.12476,-0.52393,0.96118
1686.494,-0.19849,-0.50806,0.97461
1687.413,-0.27344,-0.49048,0.99243
1688.331,-0.34937,-0.47388,1.02783
1689.254,-0.34937,-0.47388,1.02783
1690.173,-0.4314,-0.45581,1.06909
1691.091,-0.52222,-0.43774,1.1167
1692.01,-0.60938,-0.41943,1.16479
1692.929,-0.68335,-0.3916,1.21021
1693.848,-0.76074,-0.36279,1.27051
1694.767,-0.84497,-0.33228,1.32617
1695.691,-0.9314,-0.30835,1.39648
1696.609,-1.02271,-0.2854,1.47632
1697.528,-1.10889,-0.25952,1.54248
1698.454,-1.19531,-0.23828,1.61426
1699.373,-1.28564,-0.20996,1.69434
1700.291,-1.3689,-0.18066,1.76807
1701.21,-1.3689,-0.18066,1.76807
1702.129,-1.46948,-0.13818,1.83228
1703.051,-1.56836,-0.08765,1.88721
1703.97,-1.65405,-0.05713,1.93433
1704.889,-1.73145,-0.01392,1.97192
1705.808,-1.80298,0.0354,1.98431
1706.73,-1.87891,0.07593,1.98431
1707.649,-1.94287,0.12109,1.98431
1708.568,-2.0,0.16089,1.98431
1709.494,-2.0,0.19434,1.98431
1710.413,-2.0,0.23169,1.98431
1711.331,-2.0,0.2583,1.98431
1712.254,-2.0,0.27417,1.98431
1713.173,-2.0,0.27417,1.98431
1714.091,-2.0,0.29834,1.98431
1715.01,-2.0,0.31689,1.98431
1715.929,-2.0,0.33374,1.98431
1716.848,-2.0,0.34839,1.98431
1717.767,-2.0,0.36353,1.98431
1718.691,-2.0,0.38086,1.98431
1719.609,-2.0,0.39136,1.98431
1720.528,-2.0,0.41064,1.98431
1721.454,-2.0,0.41504,1.98431
1722.373,-2.0,0.40552,1.98431
1723.291,-2.0,0.40942,1.98431
1724.21,-2.0,0.40186,1.98431
1725.129,-2.0,0.37817,1.98431
1726.051,-2.0,0.37817,1.98431
1726.97,-2.0,0.36182,1.97803
1727.889,-1.9729,0.3457,1.92505
1728.808,-1.9043,0.31885,1.88232
1729.73,-1.84521,0.28857,1.85205
1730.649,-1.78564,0.25781,1.8147
1731.568,-1.72412,0.22461,1.77148
1732.494,-1.65063,0.19653,1.7229
1733.413,-1.56812,0.16846,1.67407
1734.331,-1.48706,0.13306,1.63477
1735.254,-1.41577,0.10815,1.59033
1736.173,-1.32715,0.08276,1.53638
1737.091,-1.24487,0.04712,1.4939
1738.01,-1.24487,0.04712,1.4939
1738.929,-1.17798,0.0105,1.45557
1739.848,-1.11084,-0.02197,1.41406
1740.767,-1.03638,-0.04712,1.38037
1741.691,-0.95581,-0.073,1.35327
1742.609,-0.88647,-0.09863,1.32178
1743.528,-0.823,-0.1311,1.2854
1744.454,-0.75171,-0.16602,1.26099
1745.373,-0.67896,-0.19092,1.23511
1746.291,-0.61157,-0.22241,1.20679
1747.21,-0.53516,-0.26074,1.18628
1748.129,-0.45117,-0.2915,1.16016
1749.051,-0.37451,-0.31738,1.13818
1749.97,-0.37451,-0.31738,1.13818
1750.889,-0.30029,-0.34448,1.12207
1751.808,-0.22314,-0.37451,1.09668
1752.73,-0.13989,-0.40039,1.06274
1753.649,-0.05493,-0.41699,1.03394
1754.568,0.00732,-0.4353,1.00854
1755.494,0.0835,-0.45508,0.98315
1756.413,0.1748,-0.46216,0.96118
1757.331,0.25806,-0.4668,0.94287
1758.254,0.34546,-0.47119,0.92993
1759.173,0.42456,-0.47266,0.91602
1760.091,0.50049,-0.47266,0.89893
1761.01,0.57715,-0.46753,0.88989
1761.929,0.65747,-0.46338,0.88672
1762.848,0.65747,-0.46338,0.88672
1763.767,0.74048,-0.45947,0.88306
1764.691,0.82349,-0.4458,0.87769
1765.609,0.91333,-0.43335,0.87549
1766.528,1.00684,-0.42627,0.87402
1767.454,1.10034,-0.4187,0.86646
1768.373,1.19336,-0.40649,0.86597
1769.291,1.2959,-0.39844,0.87964
1770.21,1.4187,-0.39258,0.90771
1771.129,1.54907,-0.39551,0.94507
1772.051,1.677,-0.41504,0.98901
1772.97,1.79419,-0.43066,1.03101
1773.889,1.90625,-0.44263,1.05591
1774.808,1.90625,-0.44263,1.05591
1775.73,1.98431,-0.45532,1.06885
1776.649,1.98431,-0.46851,1.08936
1777.568,1.98431,-0.48267,1.11279
1778.494,1.98431,-0.49048,1.12866
1779.413,1.98431,-0.49292,1.13062
1780.331,1.98431,-0.50293,1.11523
1781.254,1.98431,-0.50854,1.08936
1782.173,1.98431,-0.51318,1.04272
1783.091,1.98431,-0.51953,0.98071
1784.01,1.98431,-0.52832,0.9187
1784.929,1.98431,-0.52441,0.83521
1785.848,1.98431,-0.50903,0.7373
1786.767,1.98431,-0.50903,0.7373
1787.691,1.98431,-0.50732,0.6311
1788.609,1.98431,-0.50562,0.51685
1789.528,1.98431,-0.50562,0.39575
1790.454,1.98431,-0.50952,0.26831
1791.373,1.98431,-0.51831,0.14526
1792.291,1.98431,-0.5415,0.00928
1793.21,1.98431,-0.55249,-0.12207
1794.129,1.98431,-0.56079,-0.25366
1795.051,1.98431,-0.58179,-0.4021
1795.97,1.98431,-0.60522,-0.5498
1796.889,1.98431,-0.63379,-0.69116
1797.808,1.98431,-0.65747,-0.83447
1798.73,1.98431,-0.68726,-0.98438
1799.649,1.98431,-0.68726,-0.98438
1800.568,1.98431,-0.72217,-1.13062
1801.494,1.98431,-0.75586,-1.27344
1802.413,1.98431,-0.78638,-1.41431
1803.331,1.98431,-0.8147,-1.54297
1804.254,1.98431,-0.83887,-1.68188
1805.173,1.98431,-0.86279,-1.81665
1806.091,1.98431,-0.89429,-1.92578
1807.01,1.98431,-0.92725,-2.0
1807.929,1.98431,-0.96289,-2.0
1808.848,1.98431,-0.9873,-2.0
1809.767,1.98431,-1.0188,-2.0
1810.691,1.98431,-1.05444,-2.0
1811.609,1.98431,-1.05444,-2.0
1812.528,1.98431,-1.07202,-2.0
1813.454,1.98431,-1.08789,-2.0
1814.373,1.98431,-1.09961,-2.0
1815.291,1.98431,-1.10571,-2.0
1816.21,1.98431,-1.10596,-2.0
1817.129,1.98431,-1.10498,-2.0
1818.051,1.98431,-1.10645,-2.0
1818.97,1.98431,-1.10132,-2.0
1819.889,1.98431,-1.09546,-2.0
1820.808,1.98431,-1.07397,-2.0
1821.73,1.98431,-1.04688,-2.0
1822.649,1.98431,-1.01782,-2.0
1823.568,1.98431,-1.01782,-2.0
1824.494,1.98431,-0.98438,-1.89429
1825.413,1.98431,-0.95972,-1.74756
1826.331,1.98431,-0.93652,-1.59009
1827.254,1.98431,-0.91138,-1.43848
1828.173,1.98431,-0.89087,-1.2937
1829.091,1.98431,-0.87329,-1.15503
1830.01,1.98431,-0.85693,-1.00806
1830.929,1.98431,-0.84741,-0.86914
1831.848,1.98431,-0.82886,-0.74585
1832.767,1.98431,-0.80566,-0.61328
1833.691,1.98431,-0.78442,-0.48169
1834.609,1.98431,-0.76123,-0.35864
1835.528,1.98431,-0.73608,-0.24365
1836.454,1.98431,-0.73608,-0.24365
1837.373,1.98431,-0.71606,-0.12866
1838.291,1.98431,-0.69824,-0.00928
1839.21,1.98431,-0.6814,0.10034
1840.129,1.98431,-0.6665,0.20483
